image,category
000001.jpg,4
000003.jpg,3
000004.jpg,4
000005.jpg,5
000007.jpg,3
000008.jpg,1
000009.jpg,3
000010.jpg,4
000011.jpg,6
000012.jpg,4
000013.jpg,6
000014.jpg,4
000015.jpg,0
000016.jpg,3
000018.jpg,4
000019.jpg,0
000020.jpg,1
000022.jpg,1
000023.jpg,6
000024.jpg,1
000025.jpg,6
000026.jpg,0
000027.jpg,1
000029.jpg,3
000030.jpg,2
000032.jpg,3
000033.jpg,0
000035.jpg,1
000037.jpg,0
000038.jpg,6
000039.jpg,4
000041.jpg,3
000042.jpg,6
000047.jpg,3
000048.jpg,1
000049.jpg,4
000050.jpg,6
000052.jpg,1
000054.jpg,4
000055.jpg,6
000056.jpg,4
000057.jpg,2
000058.jpg,0
000059.jpg,4
000060.jpg,6
000061.jpg,1
000065.jpg,3
000066.jpg,4
000068.jpg,4
000069.jpg,3
000073.jpg,3
000074.jpg,6
000075.jpg,3
000076.jpg,4
000080.jpg,3
000084.jpg,1
000085.jpg,1
000086.jpg,3
000087.jpg,5
000088.jpg,3
000090.jpg,6
000091.jpg,0
000093.jpg,4
000094.jpg,4
000101.jpg,6
000102.jpg,0
000105.jpg,3
000106.jpg,0
000108.jpg,4
000109.jpg,3
000110.jpg,4
000112.jpg,0
000114.jpg,5
000116.jpg,3
000117.jpg,3
000118.jpg,2
000119.jpg,6
000120.jpg,1
000121.jpg,3
000124.jpg,6
000127.jpg,4
000128.jpg,2
000130.jpg,3
000132.jpg,4
000133.jpg,4
000135.jpg,0
000141.jpg,3
000143.jpg,4
000144.jpg,0
000146.jpg,6
000150.jpg,3
000152.jpg,4
000154.jpg,4
000156.jpg,5
000157.jpg,5
000163.jpg,6
000165.jpg,1
000167.jpg,6
000168.jpg,3
000169.jpg,6
000170.jpg,3
000171.jpg,4
000172.jpg,0
000174.jpg,3
000178.jpg,3
000182.jpg,4
000183.jpg,5
000184.jpg,1
000187.jpg,3
000188.jpg,4
000189.jpg,4
000190.jpg,6
000191.jpg,0
000193.jpg,3
000196.jpg,4
000202.jpg,1
000203.jpg,6
000204.jpg,6
000206.jpg,6
000207.jpg,1
000208.jpg,4
000209.jpg,1
000210.jpg,4
000214.jpg,3
000215.jpg,6
000218.jpg,4
000219.jpg,4
000220.jpg,4
000221.jpg,3
000222.jpg,3
000223.jpg,4
000224.jpg,3
000225.jpg,4
000227.jpg,4
000230.jpg,4
000231.jpg,4
000232.jpg,4
000233.jpg,6
000237.jpg,3
000238.jpg,3
000239.jpg,4
000240.jpg,6
000243.jpg,4
000244.jpg,4
000246.jpg,4
000247.jpg,6
000248.jpg,4
000249.jpg,4
000251.jpg,6
000252.jpg,1
000254.jpg,3
000256.jpg,4
000257.jpg,1
000259.jpg,4
000262.jpg,3
000263.jpg,3
000265.jpg,0
000266.jpg,0
000267.jpg,0
000269.jpg,3
000274.jpg,3
000277.jpg,1
000279.jpg,1
000280.jpg,6
000285.jpg,2
000286.jpg,5
000291.jpg,3
000292.jpg,1
000295.jpg,5
000304.jpg,3
000305.jpg,6
000306.jpg,4
000311.jpg,3
000313.jpg,3
000314.jpg,3
000315.jpg,4
000316.jpg,0
000319.jpg,5
000321.jpg,1
000322.jpg,4
000323.jpg,0
000324.jpg,3
000325.jpg,6
000326.jpg,6
000328.jpg,3
000331.jpg,3
000332.jpg,3
000334.jpg,6
000336.jpg,3
000339.jpg,1
000340.jpg,3
000341.jpg,3
000344.jpg,3
000345.jpg,5
000346.jpg,3
000350.jpg,4
000351.jpg,4
000352.jpg,4
000354.jpg,5
000356.jpg,0
000357.jpg,5
000360.jpg,3
000361.jpg,0
000363.jpg,3
000364.jpg,3
000365.jpg,2
000366.jpg,4
000369.jpg,4
000370.jpg,4
000374.jpg,3
000375.jpg,6
000379.jpg,4
000380.jpg,6
000381.jpg,0
000382.jpg,4
000383.jpg,0
000384.jpg,6
000386.jpg,4
000387.jpg,1
000389.jpg,6
000390.jpg,3
000392.jpg,1
000393.jpg,4
000394.jpg,0
000395.jpg,0
000396.jpg,4
000397.jpg,4
000398.jpg,3
000400.jpg,4
000401.jpg,3
000405.jpg,3
000406.jpg,4
000408.jpg,4
000411.jpg,0
000412.jpg,3
000413.jpg,6
000414.jpg,1
000415.jpg,6
000417.jpg,6
000418.jpg,4
000419.jpg,6
000421.jpg,6
000423.jpg,3
000425.jpg,4
000428.jpg,4
000430.jpg,3
000433.jpg,3
000434.jpg,3
000435.jpg,4
000436.jpg,6
000438.jpg,3
000439.jpg,3
000440.jpg,0
000442.jpg,4
000443.jpg,3
000444.jpg,4
000445.jpg,3
000446.jpg,0
000447.jpg,3
000449.jpg,1
000450.jpg,4
000452.jpg,0
000453.jpg,3
000456.jpg,6
000458.jpg,0
000464.jpg,6
000466.jpg,4
000469.jpg,2
000471.jpg,4
000475.jpg,6
000479.jpg,3
000480.jpg,6
000481.jpg,0
000482.jpg,3
000484.jpg,3
000490.jpg,3
000493.jpg,1
000494.jpg,4
000495.jpg,1
000498.jpg,3
000500.jpg,4
000502.jpg,6
000508.jpg,6
000509.jpg,6
000510.jpg,3
000512.jpg,6
000514.jpg,4
000515.jpg,4
000516.jpg,6
000519.jpg,3
000520.jpg,4
000521.jpg,0
000526.jpg,4
000527.jpg,6
000528.jpg,0
000532.jpg,6
000533.jpg,3
000535.jpg,4
000536.jpg,3
000537.jpg,6
000539.jpg,3
000540.jpg,3
000543.jpg,4
000545.jpg,4
000546.jpg,3
000549.jpg,4
000551.jpg,4
000553.jpg,3
000555.jpg,6
000558.jpg,1
000560.jpg,2
000561.jpg,1
000566.jpg,4
000567.jpg,6
000573.jpg,4
000575.jpg,4
000578.jpg,0
000579.jpg,6
000581.jpg,3
000585.jpg,4
000586.jpg,4
000587.jpg,4
000592.jpg,4
000594.jpg,3
000599.jpg,6
000600.jpg,3
000602.jpg,3
000603.jpg,3
000605.jpg,4
000606.jpg,5
000609.jpg,4
000611.jpg,0
000613.jpg,4
000614.jpg,6
000615.jpg,3
000616.jpg,2
000618.jpg,4
000620.jpg,6
000622.jpg,6
000623.jpg,0
000625.jpg,3
000627.jpg,5
000630.jpg,6
000633.jpg,4
000635.jpg,1
000636.jpg,4
000638.jpg,3
000639.jpg,3
000640.jpg,1
000642.jpg,4
000645.jpg,6
000646.jpg,4
000647.jpg,3
000649.jpg,5
000652.jpg,3
000654.jpg,0
000658.jpg,0
000660.jpg,3
000661.jpg,6
000664.jpg,3
000666.jpg,3
000667.jpg,3
000668.jpg,6
000669.jpg,2
000670.jpg,5
000671.jpg,3
000674.jpg,1
000680.jpg,3
000682.jpg,4
000683.jpg,4
000684.jpg,3
000686.jpg,3
000688.jpg,0
000689.jpg,3
000691.jpg,0
000693.jpg,6
000694.jpg,3
000697.jpg,6
000698.jpg,4
000699.jpg,6
000700.jpg,5
000703.jpg,4
000706.jpg,0
000707.jpg,0
000710.jpg,4
000711.jpg,3
000712.jpg,5
000714.jpg,0
000716.jpg,6
000717.jpg,6
000720.jpg,3
000721.jpg,4
000724.jpg,5
000725.jpg,3
000726.jpg,4
000727.jpg,0
000728.jpg,4
000729.jpg,3
000731.jpg,4
000732.jpg,6
000733.jpg,3
000735.jpg,4
000738.jpg,5
000741.jpg,1
000744.jpg,6
000746.jpg,4
000747.jpg,3
000748.jpg,5
000749.jpg,4
000750.jpg,4
000751.jpg,4
000754.jpg,1
000757.jpg,3
000758.jpg,2
000759.jpg,1
000760.jpg,3
000763.jpg,0
000764.jpg,6
000765.jpg,3
000766.jpg,6
000768.jpg,4
000769.jpg,6
000771.jpg,3
000773.jpg,4
000777.jpg,6
000779.jpg,6
000781.jpg,6
000782.jpg,3
000788.jpg,4
000789.jpg,6
000791.jpg,3
000794.jpg,3
000796.jpg,3
000797.jpg,5
000799.jpg,0
000803.jpg,4
000804.jpg,0
000806.jpg,3
000809.jpg,6
000810.jpg,6
000813.jpg,4
000816.jpg,4
000817.jpg,3
000818.jpg,0
000819.jpg,1
000820.jpg,6
000822.jpg,0
000824.jpg,0
000825.jpg,6
000828.jpg,0
000829.jpg,3
000830.jpg,0
000831.jpg,3
000832.jpg,3
000834.jpg,3
000835.jpg,4
000836.jpg,4
000838.jpg,2
000839.jpg,1
000840.jpg,4
000842.jpg,4
000847.jpg,3
000848.jpg,4
000849.jpg,0
000850.jpg,5
000853.jpg,4
000854.jpg,6
000856.jpg,3
000858.jpg,3
000861.jpg,1
000862.jpg,2
000863.jpg,0
000865.jpg,3
000867.jpg,1
000868.jpg,0
000869.jpg,4
000870.jpg,6
000871.jpg,4
000872.jpg,4
000874.jpg,3
000875.jpg,4
000876.jpg,0
000877.jpg,6
000881.jpg,5
000884.jpg,4
000887.jpg,3
000888.jpg,3
000891.jpg,4
000892.jpg,4
000893.jpg,2
000895.jpg,6
000898.jpg,3
000899.jpg,4
000901.jpg,4
000902.jpg,1
000906.jpg,4
000911.jpg,3
000912.jpg,4
000913.jpg,6
000915.jpg,3
000917.jpg,0
000919.jpg,3
000920.jpg,4
000921.jpg,6
000922.jpg,6
000924.jpg,6
000925.jpg,3
000926.jpg,5
000927.jpg,0
000928.jpg,4
000930.jpg,6
000934.jpg,4
000935.jpg,4
000936.jpg,4
000938.jpg,0
000940.jpg,4
000942.jpg,4
000946.jpg,4
000947.jpg,0
000948.jpg,3
000949.jpg,4
000951.jpg,0
000952.jpg,4
000953.jpg,4
000954.jpg,3
000958.jpg,3
000959.jpg,4
000960.jpg,3
000961.jpg,6
000962.jpg,3
000963.jpg,3
000966.jpg,4
000968.jpg,6
000969.jpg,3
000971.jpg,5
000974.jpg,6
000979.jpg,6
000981.jpg,0
000982.jpg,4
000983.jpg,3
000988.jpg,1
000990.jpg,4
000991.jpg,4
000994.jpg,4
000997.jpg,5
000998.jpg,6
000999.jpg,4
001001.jpg,6
001002.jpg,0
001003.jpg,1
001005.jpg,5
001007.jpg,4
001009.jpg,3
001010.jpg,4
001011.jpg,4
001014.jpg,0
001015.jpg,6
001016.jpg,4
001017.jpg,4
001018.jpg,3
001020.jpg,4
001024.jpg,3
001025.jpg,2
001026.jpg,4
001030.jpg,4
001031.jpg,1
001033.jpg,1
001034.jpg,2
001035.jpg,0
001037.jpg,4
001040.jpg,4
001041.jpg,3
001045.jpg,4
001046.jpg,6
001047.jpg,6
001048.jpg,1
001051.jpg,6
001053.jpg,1
001055.jpg,4
001059.jpg,6
001063.jpg,3
001064.jpg,5
001065.jpg,1
001067.jpg,3
001068.jpg,3
001069.jpg,6
001071.jpg,3
001072.jpg,3
001075.jpg,4
001076.jpg,4
001077.jpg,4
001078.jpg,3
001079.jpg,3
001080.jpg,2
001083.jpg,4
001088.jpg,3
001090.jpg,6
001093.jpg,3
001096.jpg,0
001099.jpg,1
001101.jpg,3
001105.jpg,0
001106.jpg,3
001107.jpg,1
001109.jpg,4
001110.jpg,1
001111.jpg,0
001112.jpg,3
001116.jpg,4
001119.jpg,1
001120.jpg,1
001123.jpg,3
001124.jpg,6
001126.jpg,1
001128.jpg,3
001129.jpg,3
001131.jpg,6
001132.jpg,2
001136.jpg,3
001140.jpg,3
001141.jpg,4
001142.jpg,1
001144.jpg,0
001150.jpg,3
001151.jpg,4
001155.jpg,4
001157.jpg,3
001159.jpg,4
001160.jpg,4
001162.jpg,3
001163.jpg,4
001164.jpg,1
001166.jpg,4
001167.jpg,4
001169.jpg,1
001170.jpg,3
001174.jpg,3
001175.jpg,0
001176.jpg,4
001178.jpg,0
001183.jpg,4
001186.jpg,5
001187.jpg,6
001189.jpg,4
001192.jpg,6
001194.jpg,5
001195.jpg,4
001196.jpg,4
001197.jpg,6
001199.jpg,0
001202.jpg,3
001203.jpg,2
001204.jpg,4
001212.jpg,6
001214.jpg,0
001217.jpg,1
001220.jpg,3
001221.jpg,0
001222.jpg,4
001223.jpg,3
001226.jpg,0
001228.jpg,3
001229.jpg,6
001232.jpg,4
001235.jpg,6
001237.jpg,3
001238.jpg,4
001242.jpg,3
001243.jpg,3
001248.jpg,1
001249.jpg,4
001250.jpg,1
001251.jpg,3
001253.jpg,0
001254.jpg,6
001255.jpg,3
001256.jpg,2
001257.jpg,3
001258.jpg,0
001259.jpg,4
001260.jpg,6
001261.jpg,0
001262.jpg,0
001263.jpg,5
001268.jpg,3
001269.jpg,6
001271.jpg,6
001272.jpg,5
001273.jpg,4
001274.jpg,0
001276.jpg,3
001277.jpg,4
001279.jpg,6
001280.jpg,6
001283.jpg,6
001286.jpg,1
001287.jpg,3
001289.jpg,3
001292.jpg,4
001294.jpg,3
001295.jpg,3
001296.jpg,3
001300.jpg,4
001301.jpg,3
001302.jpg,3
001303.jpg,4
001304.jpg,4
001305.jpg,3
001306.jpg,4
001307.jpg,3
001309.jpg,4
001310.jpg,6
001313.jpg,6
001314.jpg,6
001315.jpg,3
001316.jpg,5
001317.jpg,1
001320.jpg,4
001322.jpg,2
001325.jpg,0
001326.jpg,4
001329.jpg,4
001330.jpg,6
001331.jpg,4
001332.jpg,5
001334.jpg,0
001336.jpg,0
001338.jpg,6
001340.jpg,3
001343.jpg,0
001344.jpg,6
001346.jpg,0
001348.jpg,0
001349.jpg,4
001362.jpg,3
001363.jpg,3
001364.jpg,1
001365.jpg,6
001366.jpg,3
001367.jpg,6
001369.jpg,0
001371.jpg,4
001373.jpg,0
001374.jpg,1
001375.jpg,6
001376.jpg,0
001377.jpg,5
001378.jpg,4
001379.jpg,4
001381.jpg,4
001382.jpg,4
001384.jpg,5
001386.jpg,5
001390.jpg,0
001391.jpg,1
001392.jpg,6
001393.jpg,3
001396.jpg,6
001397.jpg,3
001399.jpg,4
001402.jpg,1
001404.jpg,4
001405.jpg,3
001408.jpg,1
001409.jpg,0
001411.jpg,4
001415.jpg,3
001416.jpg,0
001419.jpg,4
001420.jpg,6
001421.jpg,4
001425.jpg,1
001427.jpg,4
001428.jpg,4
001429.jpg,4
001430.jpg,3
001433.jpg,4
001435.jpg,3
001436.jpg,5
001438.jpg,3
001439.jpg,4
001440.jpg,6
001441.jpg,3
001442.jpg,6
001445.jpg,3
001448.jpg,6
001449.jpg,6
001450.jpg,4
001451.jpg,3
001452.jpg,4
001454.jpg,4
001455.jpg,6
001460.jpg,1
001461.jpg,4
001462.jpg,3
001463.jpg,3
001466.jpg,4
001467.jpg,2
001469.jpg,6
001470.jpg,4
001471.jpg,4
001472.jpg,5
001474.jpg,1
001476.jpg,5
001479.jpg,0
001480.jpg,3
001482.jpg,3
001484.jpg,1
001487.jpg,6
001488.jpg,6
001489.jpg,6
001490.jpg,6
001491.jpg,6
001492.jpg,0
001493.jpg,6
001494.jpg,6
001495.jpg,6
001496.jpg,6
001498.jpg,6
001499.jpg,6
001500.jpg,3
001502.jpg,6
001503.jpg,5
001504.jpg,6
001505.jpg,6
001507.jpg,6
001509.jpg,6
001510.jpg,6
001511.jpg,6
001512.jpg,6
001513.jpg,6
001515.jpg,6
001516.jpg,0
001517.jpg,6
001518.jpg,6
001519.jpg,6
001520.jpg,6
001521.jpg,5
001522.jpg,6
001523.jpg,6
001524.jpg,6
001525.jpg,6
001526.jpg,6
001528.jpg,6
001529.jpg,6
001530.jpg,6
001531.jpg,6
001532.jpg,5
001534.jpg,6
001535.jpg,0
001536.jpg,6
001537.jpg,6
001538.jpg,5
001539.jpg,6
001540.jpg,6
001541.jpg,6
001542.jpg,5
001543.jpg,5
001544.jpg,6
001545.jpg,6
001546.jpg,6
001547.jpg,6
001548.jpg,6
001549.jpg,6
001553.jpg,5
001554.jpg,6
001555.jpg,6
001556.jpg,6
001557.jpg,0
001558.jpg,6
001562.jpg,6
001563.jpg,6
001567.jpg,6
001568.jpg,6
001569.jpg,6
001570.jpg,6
001571.jpg,6
001572.jpg,6
001573.jpg,6
001574.jpg,6
001575.jpg,6
001576.jpg,6
001577.jpg,6
001578.jpg,0
001579.jpg,6
001580.jpg,6
001583.jpg,6
001584.jpg,6
001585.jpg,6
001586.jpg,6
001589.jpg,5
001591.jpg,6
001592.jpg,6
001593.jpg,6
001594.jpg,6
001596.jpg,6
001597.jpg,6
001598.jpg,6
001599.jpg,6
001600.jpg,6
001602.jpg,5
001603.jpg,6
001604.jpg,6
001605.jpg,6
001606.jpg,6
001607.jpg,6
001608.jpg,6
001609.jpg,0
001611.jpg,6
001612.jpg,6
001613.jpg,6
001614.jpg,6
001615.jpg,6
001616.jpg,6
001618.jpg,6
001619.jpg,2
001620.jpg,2
001621.jpg,2
001622.jpg,2
001623.jpg,2
001624.jpg,2
001625.jpg,2
001626.jpg,2
001627.jpg,2
001628.jpg,2
001629.jpg,2
001631.jpg,2
001632.jpg,2
001633.jpg,2
001634.jpg,2
001635.jpg,2
001636.jpg,1
001637.jpg,2
001638.jpg,2
001639.jpg,2
001640.jpg,2
001641.jpg,2
001642.jpg,2
001643.jpg,2
001644.jpg,2
001645.jpg,2
001646.jpg,2
001647.jpg,2
001648.jpg,2
001649.jpg,2
001650.jpg,2
001651.jpg,2
001652.jpg,2
001653.jpg,2
001654.jpg,2
001655.jpg,2
001656.jpg,2
001657.jpg,2
001658.jpg,2
001659.jpg,2
001660.jpg,2
001661.jpg,2
001662.jpg,2
001663.jpg,2
001664.jpg,2
001665.jpg,2
001666.jpg,2
001667.jpg,2
001668.jpg,2
001669.jpg,2
001670.jpg,2
001671.jpg,2
001672.jpg,2
001673.jpg,2
001674.jpg,2
001675.jpg,2
001676.jpg,2
001677.jpg,2
001678.jpg,2
001679.jpg,2
001680.jpg,2
001681.jpg,2
001682.jpg,2
001683.jpg,2
001684.jpg,2
001685.jpg,2
001686.jpg,2
001687.jpg,2
001688.jpg,1
001689.jpg,5
001690.jpg,2
001691.jpg,2
001692.jpg,2
001693.jpg,2
001694.jpg,5
001695.jpg,2
001696.jpg,2
001697.jpg,2
001698.jpg,2
001699.jpg,2
001700.jpg,2
001701.jpg,1
001702.jpg,2
001703.jpg,2
001704.jpg,2
001705.jpg,2
001706.jpg,2
001707.jpg,2
001708.jpg,2
001709.jpg,1
001711.jpg,0
001713.jpg,6
001714.jpg,6
001716.jpg,6
001717.jpg,6
001718.jpg,1
001719.jpg,1
001721.jpg,1
001722.jpg,3
001723.jpg,4
001724.jpg,6
001726.jpg,0
001727.jpg,0
001730.jpg,5
001732.jpg,5
001733.jpg,5
001734.jpg,5
001735.jpg,4
001736.jpg,0
001738.jpg,6
001739.jpg,0
001740.jpg,6
001743.jpg,0
001744.jpg,5
001746.jpg,3
001747.jpg,1
001748.jpg,6
001749.jpg,6
001751.jpg,1
001756.jpg,0
001757.jpg,0
001758.jpg,0
001759.jpg,0
001763.jpg,4
001765.jpg,0
001767.jpg,1
001769.jpg,6
001770.jpg,1
001771.jpg,2
001772.jpg,1
001774.jpg,6
001775.jpg,6
001776.jpg,5
001777.jpg,6
001778.jpg,6
001780.jpg,0
001784.jpg,1
001785.jpg,0
001787.jpg,1
001789.jpg,1
001791.jpg,0
001792.jpg,0
001793.jpg,2
001795.jpg,6
001796.jpg,5
001797.jpg,5
001800.jpg,0
001801.jpg,3
001803.jpg,0
001804.jpg,0
001806.jpg,0
001807.jpg,6
001809.jpg,6
001810.jpg,0
001811.jpg,4
001812.jpg,0
001813.jpg,6
001814.jpg,0
001816.jpg,0
001817.jpg,3
001819.jpg,0
001820.jpg,0
001821.jpg,0
001825.jpg,6
001826.jpg,3
001827.jpg,6
001828.jpg,6
001829.jpg,0
001830.jpg,6
001831.jpg,6
001833.jpg,5
001834.jpg,0
001835.jpg,5
001836.jpg,3
001838.jpg,0
001839.jpg,6
001840.jpg,6
001841.jpg,6
001842.jpg,6
001843.jpg,0
001844.jpg,0
001846.jpg,0
001848.jpg,6
001850.jpg,0
001852.jpg,0
001853.jpg,6
001854.jpg,6
001855.jpg,0
001856.jpg,6
